MM-YYYY,RUTA VENTA,TOTAL CAJAS,TOTAL DINERO,CANTIDAD DE ORDENES*,OFERTAS APLICADAS,SKU ACTIVADOS,CANTIDAD FACTURAS  VENTA,SKU x FACTURA,RoS FACTURA,CLIENTES ACTIVADOS,TOTAL CLIENTES,TOTAL SKU PORTAFOLIO,NUMERO VISITA A CLIENTES AL MES,VISITAS REALIZADAS
07-2024,RUTA 01," 3,446.62 "," 6,569,266.58 ", 179.00 , 167.00 , 74.00 , 159.00 , 6.56 , 21.68 , 88.00 , 108.00 ,215,,
07-2024,RUTA 02," 2,561.12 "," 5,138,325.52 ", 146.00 , 209.00 , 59.00 , 140.00 , 3.61 , 18.29 , 98.00 , 141.00 ,291,,
07-2024,RUTA 03," 19,444.58 "," 72,323,129.34 ", 268.00 , 821.00 , 86.00 , 181.00 , 3.93 , 107.43 , 62.00 , 69.00 ,291,,
07-2024,RUTA 04," 10,145.00 "," 19,619,788.32 ", 82.00 , 502.00 , 64.00 , 74.00 , 6.53 , 137.09 , 18.00 , 23.00 ,291,,
07-2024,RUTA 06, 743.95 ," 2,467,080.50 ", 203.00 , 31.00 , 41.00 , 143.00 , 2.63 , 5.20 , 67.00 , 99.00 ,291,,
07-2024,RUTA 07," 5,598.83 "," 11,261,742.98 ", 177.00 , 454.00 , 75.00 , 171.00 , 5.61 , 32.74 , 73.00 , 100.00 ,291,,
07-2024,RUTA 08, 429.83 ," 1,258,227.06 ", 68.00 , 78.00 , 43.00 , 55.00 , 3.16 , 7.82 , 24.00 , 63.00 ,291,,
07-2024,RUTA 09," 15,903.92 "," 30,043,121.74 ", 262.00 , 94.00 , 44.00 , 247.00 , 2.28 , 64.39 , 48.00 , 82.00 ,215,,
07-2024,RUTA 10," 4,227.48 "," 7,776,339.07 ", 168.00 , 329.00 , 71.00 , 134.00 , 4.63 , 31.55 , 82.00 , 92.00 ,215,,
07-2024,RUTA 11," 3,562.18 "," 5,558,537.16 ", 149.00 , 156.00 , 54.00 , 121.00 , 4.50 , 29.44 , 88.00 , 136.00 ,215,,
07-2024,RUTA 12, 461.00 ," 1,963,656.92 ", 117.00 , 13.00 , 45.00 , 89.00 , 2.53 , 5.18 , 50.00 , 93.00 ,291,,
07-2024,RUTA 13," 2,308.24 "," 3,859,940.71 ", 175.00 , 181.00 , 56.00 , 140.00 , 2.83 , 16.49 , 70.00 , 90.00 ,215,,
07-2024,RUTA 14," 2,638.50 "," 4,334,558.29 ", 159.00 , 194.00 , 61.00 , 134.00 , 3.52 , 19.69 , 78.00 , 123.00 ,291,,
07-2024,RUTA 17, 289.00 ," 731,034.59 ", 54.00 , 12.00 , 38.00 , 53.00 , 2.49 , 5.45 , 32.00 , 94.00 ,291,,
07-2024,RUTA 18, 907.67 ," 3,002,496.55 ", 208.00 , 32.00 , 49.00 , 151.00 , 2.41 , 6.01 , 63.00 , 96.00 ,291,,
07-2024,RUTA M 100," 1,044.51 "," 1,820,720.43 ", 105.00 , 122.00 , 32.00 , 101.00 , 2.29 , 10.34 , 67.00 , 214.00 ,215,,
07-2024,RUTA M 101, 737.91 ," 1,213,330.30 ", 323.00 , 97.00 , 35.00 , 301.00 , 1.38 , 2.45 , 213.00 , 317.00 ,215,,
07-2024,RUTA M 102, 971.29 ," 1,730,279.95 ", 417.00 , 81.00 , 29.00 , 392.00 , 1.52 , 2.48 , 247.00 , 343.00 ,215,,
07-2024,RUTA M 103, 444.93 ," 641,012.14 ", 302.00 , 53.00 , 29.00 , 261.00 , 1.27 , 1.70 , 174.00 , 275.00 ,215,,
07-2024,RUTA M 104, 865.13 ," 1,355,887.67 ", 274.00 , 90.00 , 32.00 , 266.00 , 1.48 , 3.25 , 184.00 , 281.00 ,215,,
07-2024,RUTA M 105, 656.48 ," 1,073,274.25 ", 291.00 , 81.00 , 30.00 , 277.00 , 1.35 , 2.37 , 202.00 , 279.00 ,215,,
07-2024,RUTA M 106, 775.33 ," 1,309,165.58 ", 283.00 , 71.00 , 24.00 , 275.00 , 1.29 , 2.82 , 205.00 , 282.00 ,215,,
07-2024,RUTA M 107, 918.08 ," 1,439,964.85 ", 228.00 , 106.00 , 37.00 , 224.00 , 1.83 , 4.10 , 151.00 , 238.00 ,215,,
07-2024,RUTA M 108, 627.71 ," 1,052,262.74 ", 286.00 , 98.00 , 40.00 , 266.00 , 1.39 , 2.36 , 194.00 , 276.00 ,215,,
07-2024,RUTA M 109, 856.29 ," 1,392,645.78 ", 315.00 , 123.00 , 33.00 , 292.00 , 1.87 , 2.93 , 202.00 , 269.00 ,291,,
07-2024,RUTA M 110," 1,868.42 "," 3,028,159.72 ", 308.00 , 148.00 , 40.00 , 297.00 , 1.51 , 6.29 , 188.00 , 276.00 ,291,,
07-2024,RUTA M 111, 531.27 ," 811,621.49 ", 331.00 , 95.00 , 30.00 , 293.00 , 1.27 , 1.81 , 236.00 , 313.00 ,215,,
07-2024,RUTA M 112, 587.84 ," 943,436.79 ", 237.00 , 104.00 , 25.00 , 227.00 , 1.40 , 2.59 , 157.00 , 253.00 ,215,,
07-2024,RUTA M 113," 1,456.42 "," 2,993,481.58 ", 302.00 , 182.00 , 58.00 , 294.00 , 1.94 , 4.95 , 211.00 , 231.00 ,215,,
07-2024,RUTA M 114, 962.00 ," 1,687,534.17 ", 318.00 , 119.00 , 53.00 , 285.00 , 1.97 , 3.38 , 191.00 , 286.00 ,291,,
07-2024,RUTA M 115, 629.98 ," 1,072,377.18 ", 298.00 , 92.00 , 56.00 , 285.00 , 1.55 , 2.21 , 195.00 , 386.00 ,291,,
07-2024,RUTA M 116, 499.18 ," 815,790.52 ", 166.00 , 76.00 , 36.00 , 157.00 , 1.62 , 3.18 , 107.00 , 238.00 ,215,,
07-2024,RUTA M 117," 1,055.33 "," 1,634,194.69 ", 123.00 , 70.00 , 55.00 , 113.00 , 2.72 , 9.34 , 75.00 , 115.00 ,215,,
07-2024,RUTA N 01," 9,574.73 "," 15,029,720.05 ", 225.00 , 308.00 , 80.00 , 177.00 , 3.64 , 54.09 , 101.00 , 129.00 ,215,,
07-2024,RUTA N 02," 2,610.32 "," 7,539,943.41 ", 329.00 , 358.00 , 109.00 , 275.00 , 3.82 , 9.49 , 131.00 , 172.00 ,291,,
07-2024,RUTA N 03," 4,070.44 "," 8,035,888.57 ", 185.00 , 288.00 , 63.00 , 153.00 , 4.06 , 26.60 , 102.00 , 139.00 ,215,,
07-2024,RUTA N 04," 9,867.30 "," 24,703,558.15 ", 196.00 , 518.00 , 93.00 , 164.00 , 4.59 , 60.17 , 79.00 , 96.00 ,291,,
07-2024,RUTA N 05," 3,315.90 "," 6,149,577.16 ", 307.00 , 192.00 , 55.00 , 236.00 , 3.52 , 14.05 , 108.00 , 133.00 ,291,,
07-2024,RUTA N 06," 2,992.92 "," 6,223,929.93 ", 192.00 , 237.00 , 74.00 , 153.00 , 3.93 , 19.56 , 97.00 , 146.00 ,291,,
07-2024,RUTA N 07," 1,409.24 "," 2,523,819.37 ", 264.00 , 151.00 , 46.00 , 248.00 , 1.52 , 5.68 , 168.00 , 295.00 ,215,,
07-2024,RUTA N 08, 775.88 ," 1,388,037.15 ", 503.00 , 179.00 , 47.00 , 432.00 , 1.34 , 1.80 , 283.00 , 337.00 ,215,,
07-2024,RUTA N 09," 1,238.75 "," 2,081,190.11 ", 358.00 , 207.00 , 49.00 , 337.00 , 1.51 , 3.68 , 292.00 , 359.00 ,215,,
07-2024,RUTA N 10," 1,306.45 "," 2,278,720.92 ", 339.00 , 198.00 , 53.00 , 325.00 , 1.47 , 4.02 , 246.00 , 311.00 ,215,,
07-2024,RUTA N 11," 1,016.42 "," 1,738,999.30 ", 263.00 , 117.00 , 29.00 , 231.00 , 1.29 , 4.40 , 175.00 , 329.00 ,215,,
07-2024,RUTA N 12," 1,563.83 "," 2,678,731.98 ", 390.00 , 260.00 , 49.00 , 357.00 , 1.68 , 4.38 , 225.00 , 339.00 ,215,,
07-2024,RUTA N 13," 1,902.92 "," 4,857,296.20 ", 243.00 , 97.00 , 54.00 , 202.00 , 3.00 , 9.42 , 78.00 , 139.00 ,291,,
07-2024,RUTA N 14," 2,156.36 "," 4,501,807.32 ", 234.00 , 215.00 , 69.00 , 203.00 , 2.76 , 10.62 , 113.00 , 140.00 ,291,,
07-2024,RUTA N 15," 1,392.75 "," 3,186,650.94 ", 166.00 , 74.00 , 59.00 , 143.00 , 3.21 , 9.74 , 95.00 , 167.00 ,291,,
07-2024,RUTA N 16," 1,317.85 "," 2,173,346.85 ", 131.00 , 45.00 , 56.00 , 115.00 , 2.80 , 11.46 , 58.00 , 112.00 ,291,,
08-2024,RUTA 01," 4,185.98 "," 7,927,198.89 ", 194.00 , 208.00 , 83.00 , 177.00 , 6.56 , 23.65 , 90.00 , 108.00 ,215,,
08-2024,RUTA 02," 3,389.17 "," 5,319,392.68 ", 140.00 , 246.00 , 64.00 , 138.00 , 3.57 , 24.56 , 93.00 , 141.00 ,291,,
08-2024,RUTA 03," 14,946.20 "," 58,343,999.91 ", 246.00 , 911.00 , 90.00 , 170.00 , 4.63 , 87.92 , 60.00 , 69.00 ,291,,
08-2024,RUTA 04," 13,001.00 "," 22,404,793.15 ", 95.00 , 427.00 , 58.00 , 83.00 , 5.10 , 156.64 , 18.00 , 23.00 ,291,,
08-2024,RUTA 06, 578.43 ," 1,649,273.58 ", 165.00 , 13.00 , 41.00 , 123.00 , 2.37 , 4.70 , 71.00 , 99.00 ,291,,
08-2024,RUTA 07," 5,504.67 "," 9,464,169.64 ", 177.00 , 413.00 , 67.00 , 150.00 , 6.09 , 36.70 , 79.00 , 100.00 ,291,,
08-2024,RUTA 08, 404.33 ," 933,191.58 ", 62.00 , 41.00 , 40.00 , 51.00 , 2.65 , 7.93 , 28.00 , 63.00 ,291,,
08-2024,RUTA 09," 14,765.08 "," 30,086,926.67 ", 243.00 , 118.00 , 48.00 , 273.00 , 2.03 , 54.08 , 49.00 , 82.00 ,215,,
08-2024,RUTA 10," 5,525.03 "," 9,209,180.15 ", 181.00 , 298.00 , 72.00 , 151.00 , 4.85 , 36.59 , 79.00 , 92.00 ,215,,
08-2024,RUTA 11," 4,248.62 "," 7,476,375.41 ", 137.00 , 183.00 , 58.00 , 136.00 , 5.17 , 31.24 , 85.00 , 136.00 ,215,,
08-2024,RUTA 12, 415.58 ," 2,472,973.84 ", 99.00 , 7.00 , 37.00 , 82.00 , 2.22 , 5.07 , 50.00 , 93.00 ,291,,
08-2024,RUTA 13," 2,790.92 "," 4,937,083.85 ", 153.00 , 172.00 , 48.00 , 138.00 , 2.74 , 20.22 , 66.00 , 90.00 ,215,,
08-2024,RUTA 14," 2,186.45 "," 3,749,196.08 ", 148.00 , 174.00 , 52.00 , 135.00 , 3.49 , 16.20 , 84.00 , 123.00 ,291,,
08-2024,RUTA 17, 212.45 ," 526,802.64 ", 48.00 , 9.00 , 33.00 , 41.00 , 2.46 , 5.18 , 25.00 , 94.00 ,291,,
08-2024,RUTA 18, 626.58 ," 2,008,017.54 ", 134.00 , 27.00 , 44.00 , 124.00 , 2.47 , 5.05 , 57.00 , 96.00 ,291,,
08-2024,RUTA M 100, 918.49 ," 1,470,213.69 ", 118.00 , 103.00 , 38.00 , 114.00 , 2.18 , 8.06 , 88.00 , 214.00 ,215,,
08-2024,RUTA M 101, 761.72 ," 1,277,203.54 ", 266.00 , 111.00 , 37.00 , 258.00 , 1.41 , 2.95 , 190.00 , 317.00 ,215,,
08-2024,RUTA M 102," 1,135.73 "," 2,031,664.25 ", 402.00 , 106.00 , 33.00 , 425.00 , 1.50 , 2.67 , 250.00 , 343.00 ,215,,
08-2024,RUTA M 103, 501.85 ," 784,850.26 ", 240.00 , 61.00 , 29.00 , 244.00 , 1.27 , 2.06 , 178.00 , 275.00 ,215,,
08-2024,RUTA M 104, 561.20 ," 945,231.31 ", 223.00 , 69.00 , 24.00 , 207.00 , 1.42 , 2.71 , 138.00 , 281.00 ,215,,
08-2024,RUTA M 105," 1,457.35 "," 1,940,334.16 ", 299.00 , 99.00 , 31.00 , 300.00 , 1.39 , 4.86 , 210.00 , 279.00 ,215,,
08-2024,RUTA M 106, 723.54 ," 1,172,612.93 ", 253.00 , 81.00 , 28.00 , 246.00 , 1.32 , 2.94 , 208.00 , 282.00 ,215,,
08-2024,RUTA M 107, 993.08 ," 1,498,025.21 ", 225.00 , 92.00 , 37.00 , 217.00 , 1.68 , 4.58 , 175.00 , 238.00 ,215,,
08-2024,RUTA M 108, 544.68 ," 917,999.87 ", 249.00 , 99.00 , 36.00 , 243.00 , 1.46 , 2.24 , 162.00 , 276.00 ,215,,
08-2024,RUTA M 109," 1,262.67 "," 1,692,841.99 ", 329.00 , 145.00 , 31.00 , 343.00 , 1.66 , 3.68 , 221.00 , 269.00 ,291,,
08-2024,RUTA M 110," 2,048.25 "," 2,675,196.18 ", 310.00 , 178.00 , 34.00 , 273.00 , 1.45 , 7.50 , 177.00 , 276.00 ,291,,
08-2024,RUTA M 111, 813.78 ," 1,251,276.26 ", 328.00 , 144.00 , 33.00 , 340.00 , 1.36 , 2.39 , 225.00 , 313.00 ,215,,
08-2024,RUTA M 112, 685.67 ," 960,566.21 ", 193.00 , 104.00 , 28.00 , 197.00 , 1.39 , 3.48 , 148.00 , 253.00 ,215,,
08-2024,RUTA M 113," 2,883.55 "," 5,392,762.11 ", 286.00 , 279.00 , 79.00 , 273.00 , 2.23 , 10.56 , 203.00 , 231.00 ,215,,
08-2024,RUTA M 114," 1,223.23 "," 1,932,868.96 ", 315.00 , 148.00 , 60.00 , 309.00 , 1.89 , 3.96 , 193.00 , 286.00 ,291,,
08-2024,RUTA M 115, 713.95 ," 1,220,909.05 ", 324.00 , 118.00 , 60.00 , 312.00 , 1.70 , 2.29 , 204.00 , 386.00 ,291,,
08-2024,RUTA M 116, 517.75 ," 834,191.52 ", 162.00 , 75.00 , 31.00 , 166.00 , 1.77 , 3.12 , 107.00 , 238.00 ,215,,
08-2024,RUTA M 117," 1,518.33 "," 2,284,122.83 ", 120.00 , 75.00 , 38.00 , 112.00 , 2.36 , 13.56 , 66.00 , 115.00 ,215,,
08-2024,RUTA N 01," 15,976.96 "," 30,250,710.67 ", 218.00 , 489.00 , 100.00 , 205.00 , 4.03 , 77.94 , 95.00 , 129.00 ,215,,
08-2024,RUTA N 02," 3,231.93 "," 6,440,991.11 ", 315.00 , 360.00 , 111.00 , 256.00 , 3.95 , 12.62 , 118.00 , 172.00 ,291,,
08-2024,RUTA N 03," 6,069.97 "," 12,509,346.48 ", 187.00 , 312.00 , 78.00 , 182.00 , 3.91 , 33.35 , 99.00 , 139.00 ,215,,
08-2024,RUTA N 04," 13,356.61 "," 22,054,564.10 ", 232.00 , 467.00 , 116.00 , 185.00 , 4.85 , 72.20 , 80.00 , 96.00 ,291,,
08-2024,RUTA N 05," 4,042.95 "," 7,493,867.11 ", 322.00 , 212.00 , 69.00 , 261.00 , 3.55 , 15.49 , 108.00 , 133.00 ,291,,
08-2024,RUTA N 06," 4,340.27 "," 7,989,846.28 ", 165.00 , 191.00 , 77.00 , 155.00 , 3.55 , 28.00 , 93.00 , 146.00 ,291,,
08-2024,RUTA N 07," 1,555.73 "," 2,773,908.58 ", 326.00 , 198.00 , 54.00 , 324.00 , 1.65 , 4.80 , 204.00 , 295.00 ,215,,
08-2024,RUTA N 08," 1,112.36 "," 1,815,448.88 ", 523.00 , 204.00 , 61.00 , 528.00 , 1.33 , 2.11 , 303.00 , 337.00 ,215,,
08-2024,RUTA N 09," 1,269.75 "," 2,181,748.05 ", 384.00 , 226.00 , 30.00 , 392.00 , 1.46 , 3.24 , 310.00 , 359.00 ,215,,
08-2024,RUTA N 10," 1,626.93 "," 2,871,507.25 ", 372.00 , 239.00 , 45.00 , 361.00 , 1.33 , 4.51 , 272.00 , 311.00 ,215,,
08-2024,RUTA N 11," 1,255.58 "," 2,103,854.30 ", 248.00 , 163.00 , 37.00 , 273.00 , 1.29 , 4.60 , 181.00 , 329.00 ,215,,
08-2024,RUTA N 12," 1,956.17 "," 3,167,008.64 ", 406.00 , 269.00 , 43.00 , 378.00 , 1.54 , 5.18 , 240.00 , 339.00 ,215,,
08-2024,RUTA N 13," 2,287.68 "," 5,815,170.03 ", 237.00 , 86.00 , 63.00 , 209.00 , 3.26 , 10.95 , 84.00 , 139.00 ,291,,
08-2024,RUTA N 14," 2,607.75 "," 4,671,693.93 ", 218.00 , 219.00 , 77.00 , 201.00 , 3.02 , 12.97 , 115.00 , 140.00 ,291,,
08-2024,RUTA N 15," 1,445.67 "," 3,574,366.04 ", 147.00 , 63.00 , 63.00 , 144.00 , 3.40 , 10.04 , 91.00 , 167.00 ,291,,
08-2024,RUTA N 16," 1,445.90 "," 2,492,657.34 ", 145.00 , 38.00 , 56.00 , 146.00 , 2.55 , 9.90 , 62.00 , 112.00 ,291,,
09-2024,RUTA 01," 4,583.58 "," 8,484,408.67 ", 227.00 , 193.00 , 75.00 , 209.00 , 5.78 , 21.93 , 92.00 , 108.00 ,215,,
09-2024,RUTA 02," 2,590.46 "," 5,696,674.98 ", 145.00 , 237.00 , 64.00 , 127.00 , 4.47 , 20.40 , 89.00 , 141.00 ,291,,
09-2024,RUTA 03," 14,842.68 "," 29,660,389.53 ", 228.00 , 983.00 , 93.00 , 201.00 , 4.21 , 73.84 , 60.00 , 69.00 ,291,,
09-2024,RUTA 04," 17,301.00 "," 27,991,988.92 ", 100.00 , 425.00 , 58.00 , 81.00 , 4.99 , 213.59 , 14.00 , 23.00 ,291,,
09-2024,RUTA 06, 675.47 ," 1,897,036.70 ", 185.00 , 12.00 , 46.00 , 130.00 , 2.44 , 5.20 , 59.00 , 99.00 ,291,,
09-2024,RUTA 07," 5,211.98 "," 9,176,174.42 ", 186.00 , 396.00 , 75.00 , 171.00 , 5.57 , 30.48 , 83.00 , 100.00 ,291,,
09-2024,RUTA 08, 383.92 ," 1,169,011.83 ", 77.00 , 79.00 , 48.00 , 61.00 , 3.08 , 6.29 , 28.00 , 63.00 ,291,,
09-2024,RUTA 09," 8,756.58 "," 18,211,358.39 ", 194.00 , 58.00 , 47.00 , 173.00 , 2.16 , 50.62 , 48.00 , 82.00 ,215,,
09-2024,RUTA 10," 5,240.48 "," 8,751,590.62 ", 199.00 , 355.00 , 82.00 , 189.00 , 4.69 , 27.73 , 81.00 , 92.00 ,215,,
09-2024,RUTA 11," 3,206.52 "," 6,178,324.22 ", 147.00 , 170.00 , 56.00 , 132.00 , 4.62 , 24.29 , 90.00 , 136.00 ,215,,
09-2024,RUTA 12, 437.17 ," 2,094,669.33 ", 117.00 , 11.00 , 46.00 , 89.00 , 2.17 , 4.91 , 48.00 , 93.00 ,291,,
09-2024,RUTA 13," 2,863.66 "," 4,768,869.57 ", 183.00 , 207.00 , 72.00 , 166.00 , 3.08 , 17.25 , 74.00 , 90.00 ,215,,
09-2024,RUTA 14," 1,921.89 "," 2,907,842.73 ", 152.00 , 129.00 , 55.00 , 141.00 , 2.68 , 13.63 , 86.00 , 123.00 ,291,,
09-2024,RUTA 17, 336.63 ," 813,102.07 ", 54.00 , 7.00 , 38.00 , 50.00 , 2.24 , 6.73 , 29.00 , 94.00 ,291,,
09-2024,RUTA 18, 679.50 ," 2,543,277.95 ", 149.00 , 28.00 , 52.00 , 138.00 , 2.11 , 4.92 , 60.00 , 96.00 ,291,,
09-2024,RUTA M 100," 1,289.71 "," 2,019,781.48 ", 172.00 , 143.00 , 48.00 , 151.00 , 2.13 , 8.54 , 99.00 , 214.00 ,215,,
09-2024,RUTA M 101, 909.25 ," 1,524,405.14 ", 302.00 , 157.00 , 36.00 , 295.00 , 1.39 , 3.08 , 207.00 , 317.00 ,215,,
09-2024,RUTA M 102," 1,030.35 "," 1,846,572.85 ", 378.00 , 97.00 , 28.00 , 363.00 , 1.56 , 2.84 , 226.00 , 343.00 ,215,,
09-2024,RUTA M 103, 495.13 ," 853,728.45 ", 263.00 , 109.00 , 32.00 , 240.00 , 1.35 , 2.06 , 160.00 , 275.00 ,215,,
09-2024,RUTA M 104, 841.77 ," 1,317,991.59 ", 290.00 , 115.00 , 29.00 , 276.00 , 1.31 , 3.05 , 196.00 , 281.00 ,215,,
09-2024,RUTA M 105, 824.71 ," 1,340,841.45 ", 297.00 , 93.00 , 37.00 , 285.00 , 1.50 , 2.89 , 202.00 , 279.00 ,215,,
09-2024,RUTA M 106," 1,101.13 "," 1,579,318.87 ", 241.00 , 109.00 , 24.00 , 223.00 , 1.37 , 4.94 , 186.00 , 282.00 ,215,,
09-2024,RUTA M 107," 1,247.71 "," 1,771,832.50 ", 254.00 , 127.00 , 40.00 , 249.00 , 1.71 , 5.01 , 170.00 , 238.00 ,215,,
09-2024,RUTA M 108, 697.98 ," 1,191,522.29 ", 255.00 , 121.00 , 34.00 , 247.00 , 1.54 , 2.83 , 174.00 , 276.00 ,215,,
09-2024,RUTA M 109, 823.33 ," 1,277,553.53 ", 293.00 , 134.00 , 46.00 , 293.00 , 1.78 , 2.81 , 212.00 , 269.00 ,291,,
09-2024,RUTA M 110," 2,618.52 "," 3,324,239.82 ", 284.00 , 207.00 , 39.00 , 284.00 , 1.63 , 9.22 , 172.00 , 276.00 ,291,,
09-2024,RUTA M 111, 774.50 ," 1,228,698.26 ", 387.00 , 165.00 , 32.00 , 373.00 , 1.31 , 2.08 , 259.00 , 313.00 ,215,,
09-2024,RUTA M 112, 530.83 ," 839,116.38 ", 216.00 , 97.00 , 26.00 , 205.00 , 1.42 , 2.59 , 150.00 , 253.00 ,215,,
09-2024,RUTA M 113," 3,033.17 "," 5,197,578.93 ", 351.00 , 256.00 , 53.00 , 331.00 , 1.95 , 9.16 , 212.00 , 231.00 ,215,,
09-2024,RUTA M 114," 1,163.83 "," 1,972,308.59 ", 346.00 , 154.00 , 50.00 , 341.00 , 1.79 , 3.41 , 218.00 , 286.00 ,291,,
09-2024,RUTA M 115, 883.95 ," 1,493,443.70 ", 321.00 , 135.00 , 61.00 , 306.00 , 1.67 , 2.89 , 191.00 , 386.00 ,291,,
09-2024,RUTA M 116, 466.25 ," 742,728.39 ", 189.00 , 60.00 , 30.00 , 169.00 , 1.66 , 2.76 , 124.00 , 238.00 ,215,,
09-2024,RUTA M 117, 943.52 ," 1,373,086.38 ", 154.00 , 91.00 , 42.00 , 128.00 , 2.11 , 7.37 , 85.00 , 115.00 ,215,,
09-2024,RUTA N 01," 13,268.32 "," 25,740,605.81 ", 238.00 , 543.00 , 95.00 , 210.00 , 4.66 , 63.18 , 104.00 , 129.00 ,215,,
09-2024,RUTA N 02," 3,327.27 "," 7,150,590.41 ", 292.00 , 402.00 , 115.00 , 262.00 , 3.88 , 12.70 , 123.00 , 172.00 ,291,,
09-2024,RUTA N 03," 7,157.55 "," 12,381,964.89 ", 175.00 , 307.00 , 77.00 , 163.00 , 4.39 , 43.91 , 104.00 , 139.00 ,215,,
09-2024,RUTA N 04," 12,146.23 "," 21,357,818.01 ", 216.00 , 532.00 , 102.00 , 171.00 , 4.48 , 71.03 , 77.00 , 96.00 ,291,,
09-2024,RUTA N 05," 3,705.17 "," 6,474,719.41 ", 304.00 , 209.00 , 89.00 , 243.00 , 4.12 , 15.25 , 114.00 , 133.00 ,291,,
09-2024,RUTA N 06," 4,840.08 "," 8,232,783.42 ", 198.00 , 219.00 , 66.00 , 179.00 , 3.44 , 27.04 , 105.00 , 146.00 ,291,,
09-2024,RUTA N 07," 1,676.71 "," 2,904,975.88 ", 315.00 , 271.00 , 48.00 , 302.00 , 1.75 , 5.55 , 201.00 , 295.00 ,215,,
09-2024,RUTA N 08," 1,050.28 "," 1,773,708.50 ", 504.00 , 217.00 , 58.00 , 481.00 , 1.30 , 2.18 , 306.00 , 337.00 ,215,,
09-2024,RUTA N 09," 1,622.50 "," 2,652,180.55 ", 388.00 , 262.00 , 36.00 , 369.00 , 1.45 , 4.40 , 313.00 , 359.00 ,215,,
09-2024,RUTA N 10," 1,518.63 "," 2,545,148.56 ", 410.00 , 341.00 , 40.00 , 385.00 , 1.47 , 3.94 , 295.00 , 311.00 ,215,,
09-2024,RUTA N 11," 1,193.00 "," 2,087,812.42 ", 261.00 , 171.00 , 36.00 , 255.00 , 1.44 , 4.68 , 192.00 , 329.00 ,215,,
09-2024,RUTA N 12," 2,083.14 "," 3,220,320.95 ", 496.00 , 392.00 , 41.00 , 459.00 , 1.51 , 4.54 , 310.00 , 339.00 ,215,,
09-2024,RUTA N 13," 2,157.33 "," 5,183,337.47 ", 205.00 , 75.00 , 56.00 , 183.00 , 3.28 , 11.79 , 85.00 , 139.00 ,291,,
09-2024,RUTA N 14," 2,503.31 "," 4,574,882.27 ", 185.00 , 200.00 , 79.00 , 182.00 , 3.24 , 13.75 , 98.00 , 140.00 ,291,,
09-2024,RUTA N 15," 1,481.98 "," 3,146,566.56 ", 163.00 , 59.00 , 54.00 , 145.00 , 3.34 , 10.22 , 91.00 , 167.00 ,291,,
09-2024,RUTA N 16," 1,045.12 "," 1,890,129.01 ", 122.00 , 32.00 , 53.00 , 116.00 , 2.66 , 9.01 , 59.00 , 112.00 ,291,,
10-2024,RUTA 01," 4,649.46 "," 8,674,980.70 ", 197.00 , 255.00 , 87.00 , 230.00 , 5.65 , 20.22 , 94.00 , 108.00 ,215,,
10-2024,RUTA 02," 4,071.44 "," 6,600,703.14 ", 142.00 , 262.00 , 58.00 , 145.00 , 4.05 , 28.08 , 95.00 , 141.00 ,291,,
10-2024,RUTA 03," 20,468.93 "," 50,489,744.12 ", 241.00 ," 1,193.00 ", 94.00 , 207.00 , 4.72 , 98.88 , 64.00 , 69.00 ,291,,
10-2024,RUTA 04," 19,845.50 "," 36,226,781.02 ", 105.00 , 563.00 , 65.00 , 104.00 , 5.08 , 190.82 , 20.00 , 23.00 ,291,,
10-2024,RUTA 06, 970.83 ," 2,716,118.60 ", 191.00 , 21.00 , 44.00 , 147.00 , 2.35 , 6.60 , 68.00 , 99.00 ,291,,
10-2024,RUTA 07," 6,202.32 "," 10,966,516.15 ", 191.00 , 490.00 , 89.00 , 176.00 , 5.32 , 35.24 , 74.00 , 100.00 ,291,,
10-2024,RUTA 08, 564.00 ," 1,389,679.65 ", 82.00 , 85.00 , 54.00 , 61.00 , 3.62 , 9.25 , 28.00 , 63.00 ,291,,
10-2024,RUTA 09," 14,175.75 "," 29,312,832.45 ", 234.00 , 89.00 , 50.00 , 247.00 , 2.29 , 57.39 , 49.00 , 82.00 ,215,,
10-2024,RUTA 10," 6,044.99 "," 11,439,328.89 ", 175.00 , 466.00 , 75.00 , 202.00 , 4.50 , 29.93 , 77.00 , 92.00 ,215,,
10-2024,RUTA 11," 5,944.63 "," 9,889,938.62 ", 169.00 , 294.00 , 65.00 , 211.00 , 4.44 , 28.17 , 102.00 , 136.00 ,215,,
10-2024,RUTA 12, 584.98 ," 1,881,265.21 ", 127.00 , 23.00 , 51.00 , 89.00 , 2.88 , 6.57 , 55.00 , 93.00 ,291,,
10-2024,RUTA 13," 3,484.25 "," 5,950,190.46 ", 196.00 , 281.00 , 58.00 , 178.00 , 2.97 , 19.57 , 77.00 , 90.00 ,215,,
10-2024,RUTA 14," 3,424.13 "," 5,241,305.24 ", 161.00 , 208.00 , 60.00 , 159.00 , 3.22 , 21.54 , 84.00 , 123.00 ,291,,
10-2024,RUTA 17, 265.50 ," 761,699.30 ", 62.00 , 8.00 , 45.00 , 56.00 , 2.71 , 4.74 , 27.00 , 94.00 ,291,,
10-2024,RUTA 18, 979.67 ," 3,410,742.76 ", 239.00 , 36.00 , 57.00 , 178.00 , 2.26 , 5.50 , 69.00 , 96.00 ,291,,
10-2024,RUTA M 100," 1,563.00 "," 2,852,177.12 ", 204.00 , 203.00 , 45.00 , 220.00 , 1.86 , 7.10 , 115.00 , 214.00 ,215,,
10-2024,RUTA M 101, 864.81 ," 1,443,727.59 ", 316.00 , 171.00 , 38.00 , 315.00 , 1.43 , 2.75 , 221.00 , 317.00 ,215,,
10-2024,RUTA M 102," 1,362.40 "," 2,397,464.91 ", 455.00 , 171.00 , 35.00 , 486.00 , 1.58 , 2.80 , 249.00 , 343.00 ,215,,
10-2024,RUTA M 103, 700.33 ," 1,133,140.12 ", 289.00 , 125.00 , 32.00 , 297.00 , 1.28 , 2.36 , 190.00 , 275.00 ,215,,
10-2024,RUTA M 104, 796.78 ," 1,323,204.80 ", 274.00 , 107.00 , 30.00 , 263.00 , 1.41 , 3.03 , 178.00 , 281.00 ,215,,
10-2024,RUTA M 105," 1,167.88 "," 1,838,831.77 ", 318.00 , 124.00 , 40.00 , 330.00 , 1.42 , 3.54 , 213.00 , 279.00 ,215,,
10-2024,RUTA M 106, 679.50 ," 1,142,956.12 ", 265.00 , 120.00 , 31.00 , 268.00 , 1.33 , 2.54 , 212.00 , 282.00 ,215,,
10-2024,RUTA M 107," 1,099.17 "," 1,730,355.95 ", 281.00 , 132.00 , 41.00 , 278.00 , 1.74 , 3.95 , 197.00 , 238.00 ,215,,
10-2024,RUTA M 108, 720.99 ," 1,306,679.10 ", 277.00 , 127.00 , 41.00 , 278.00 , 1.47 , 2.59 , 193.00 , 276.00 ,215,,
10-2024,RUTA M 109," 1,227.54 "," 1,783,858.26 ", 341.00 , 138.00 , 43.00 , 287.00 , 1.80 , 4.28 , 194.00 , 269.00 ,291,,
10-2024,RUTA M 110," 2,458.48 "," 3,026,496.45 ", 322.00 , 232.00 , 53.00 , 295.00 , 1.72 , 8.33 , 189.00 , 276.00 ,291,,
10-2024,RUTA M 111, 933.98 ," 1,473,397.38 ", 397.00 , 201.00 , 37.00 , 407.00 , 1.31 , 2.29 , 247.00 , 313.00 ,215,,
10-2024,RUTA M 112, 788.17 ," 1,214,523.49 ", 238.00 , 137.00 , 27.00 , 242.00 , 1.38 , 3.26 , 161.00 , 253.00 ,215,,
10-2024,RUTA M 113," 2,628.83 "," 5,655,314.97 ", 439.00 , 279.00 , 60.00 , 397.00 , 1.76 , 6.62 , 217.00 , 231.00 ,215,,
10-2024,RUTA M 114," 1,085.89 "," 1,774,092.50 ", 354.00 , 175.00 , 62.00 , 318.00 , 1.88 , 3.41 , 203.00 , 286.00 ,291,,
10-2024,RUTA M 115, 836.43 ," 1,523,841.88 ", 389.00 , 170.00 , 73.00 , 353.00 , 1.88 , 2.37 , 221.00 , 386.00 ,291,,
10-2024,RUTA M 116, 676.38 ," 1,144,214.80 ", 275.00 , 119.00 , 32.00 , 289.00 , 1.53 , 2.34 , 182.00 , 238.00 ,215,,
10-2024,RUTA M 117," 1,569.78 "," 2,313,268.64 ", 130.00 , 84.00 , 38.00 , 128.00 , 2.13 , 12.26 , 86.00 , 115.00 ,215,,
10-2024,RUTA N 01," 13,260.30 "," 24,217,469.95 ", 277.00 , 572.00 , 100.00 , 243.00 , 3.79 , 54.57 , 109.00 , 129.00 ,215,,
10-2024,RUTA N 02," 4,811.06 "," 9,017,176.98 ", 315.00 , 411.00 , 116.00 , 250.00 , 3.78 , 19.24 , 119.00 , 172.00 ,291,,
10-2024,RUTA N 03," 7,155.34 "," 11,762,597.12 ", 182.00 , 280.00 , 75.00 , 169.00 , 3.95 , 42.34 , 93.00 , 139.00 ,215,,
10-2024,RUTA N 04," 13,531.68 "," 22,427,130.27 ", 247.00 , 616.00 , 112.00 , 180.00 , 4.42 , 75.18 , 75.00 , 96.00 ,291,,
10-2024,RUTA N 05," 4,344.48 "," 6,962,291.56 ", 348.00 , 228.00 , 50.00 , 260.00 , 3.56 , 16.71 , 117.00 , 133.00 ,291,,
10-2024,RUTA N 06," 5,177.01 "," 8,423,058.76 ", 221.00 , 247.00 , 74.00 , 181.00 , 3.71 , 28.60 , 101.00 , 146.00 ,291,,
10-2024,RUTA N 07," 1,524.88 "," 2,614,518.16 ", 210.00 , 213.00 , 43.00 , 215.00 , 1.79 , 7.09 , 147.00 , 295.00 ,215,,
10-2024,RUTA N 08, 854.41 ," 1,419,126.96 ", 476.00 , 242.00 , 58.00 , 452.00 , 1.27 , 1.89 , 302.00 , 337.00 ,215,,
10-2024,RUTA N 09," 1,693.35 "," 2,782,151.38 ", 462.00 , 373.00 , 33.00 , 464.00 , 1.45 , 3.65 , 332.00 , 359.00 ,215,,
10-2024,RUTA N 10," 1,406.73 "," 2,376,459.67 ", 417.00 , 331.00 , 47.00 , 394.00 , 1.41 , 3.57 , 268.00 , 311.00 ,215,,
10-2024,RUTA N 11," 1,306.50 "," 2,171,320.12 ", 315.00 , 210.00 , 34.00 , 310.00 , 1.34 , 4.21 , 221.00 , 329.00 ,215,,
10-2024,RUTA N 12," 2,230.50 "," 3,457,051.52 ", 551.00 , 425.00 , 40.00 , 510.00 , 1.42 , 4.37 , 296.00 , 339.00 ,215,,
10-2024,RUTA N 13," 2,094.17 "," 5,465,058.70 ", 233.00 , 60.00 , 66.00 , 194.00 , 3.36 , 10.79 , 86.00 , 139.00 ,291,,
10-2024,RUTA N 14," 2,482.88 "," 4,535,835.96 ", 219.00 , 192.00 , 73.00 , 180.00 , 3.19 , 13.79 , 105.00 , 140.00 ,291,,
10-2024,RUTA N 15," 1,417.58 "," 3,186,902.76 ", 164.00 , 39.00 , 81.00 , 142.00 , 3.59 , 9.98 , 95.00 , 167.00 ,291,,
10-2024,RUTA N 16," 1,553.15 "," 3,270,592.73 ", 152.00 , 33.00 , 64.00 , 137.00 , 3.24 , 11.34 , 65.00 , 112.00 ,291,,
11-2024,RUTA 01," 4,287.31 "," 8,593,537.19 ", 178.00 , 245.00 , 74.00 , 165.00 , 6.36 , 25.98 , 93.00 , 108.00 ,215,,
11-2024,RUTA 02," 4,192.06 "," 7,164,442.66 ", 130.00 , 266.00 , 58.00 , 125.00 , 4.14 , 33.54 , 85.00 , 141.00 ,291,,
11-2024,RUTA 03," 19,337.46 "," 79,208,476.67 ", 193.00 ," 1,026.00 ", 100.00 , 157.00 , 5.64 , 123.17 , 62.00 , 69.00 ,291,,
11-2024,RUTA 04," 27,099.50 "," 51,622,115.58 ", 115.00 , 570.00 , 67.00 , 103.00 , 5.27 , 263.10 , 20.00 , 23.00 ,291,,
11-2024,RUTA 06, 610.25 ," 2,951,360.64 ", 170.00 , 43.00 , 51.00 , 136.00 , 2.43 , 4.49 , 67.00 , 99.00 ,291,,
11-2024,RUTA 07," 6,331.40 "," 13,355,852.62 ", 177.00 , 520.00 , 91.00 , 163.00 , 5.58 , 38.84 , 80.00 , 100.00 ,291,,
11-2024,RUTA 08, 180.17 ," 615,269.10 ", 66.00 , 53.00 , 51.00 , 52.00 , 3.15 , 3.46 , 30.00 , 63.00 ,291,,
11-2024,RUTA 09," 15,673.42 "," 31,815,461.79 ", 256.00 , 86.00 , 50.00 , 250.00 , 2.22 , 62.69 , 50.00 , 82.00 ,215,,
11-2024,RUTA 10," 6,214.61 "," 14,514,062.25 ", 159.00 , 406.00 , 86.00 , 141.00 , 5.32 , 44.08 , 80.00 , 92.00 ,215,,
11-2024,RUTA 11," 4,008.43 "," 8,218,568.38 ", 156.00 , 274.00 , 82.00 , 154.00 , 5.01 , 26.03 , 99.00 , 136.00 ,215,,
11-2024,RUTA 12, 302.83 ," 1,542,497.08 ", 115.00 , 24.00 , 43.00 , 75.00 , 2.24 , 4.04 , 45.00 , 93.00 ,291,,
11-2024,RUTA 13," 2,871.89 "," 4,847,097.88 ", 171.00 , 243.00 , 61.00 , 150.00 , 3.07 , 19.15 , 76.00 , 90.00 ,215,,
11-2024,RUTA 14," 1,326.56 "," 2,674,588.11 ", 127.00 , 159.00 , 55.00 , 109.00 , 3.31 , 12.17 , 72.00 , 123.00 ,291,,
11-2024,RUTA 17, 201.25 ," 597,986.20 ", 60.00 , 15.00 , 38.00 , 52.00 , 2.50 , 3.87 , 28.00 , 94.00 ,291,,
11-2024,RUTA 18, 932.17 ," 3,217,457.91 ", 197.00 , 46.00 , 61.00 , 146.00 , 2.64 , 6.38 , 66.00 , 96.00 ,291,,
11-2024,RUTA M 100," 1,398.75 "," 2,177,272.90 ", 154.00 , 154.00 , 43.00 , 148.00 , 1.92 , 9.45 , 105.00 , 214.00 ,215,,
11-2024,RUTA M 101, 690.44 ," 1,180,882.02 ", 279.00 , 151.00 , 35.00 , 261.00 , 1.47 , 2.65 , 191.00 , 317.00 ,215,,
11-2024,RUTA M 102," 1,112.23 "," 1,947,932.51 ", 410.00 , 144.00 , 30.00 , 410.00 , 1.50 , 2.71 , 236.00 , 343.00 ,215,,
11-2024,RUTA M 103, 697.39 ," 1,100,944.48 ", 267.00 , 134.00 , 38.00 , 264.00 , 1.41 , 2.64 , 176.00 , 275.00 ,215,,
11-2024,RUTA M 104, 931.43 ," 1,726,513.35 ", 215.00 , 124.00 , 58.00 , 217.00 , 2.08 , 4.29 , 164.00 , 281.00 ,215,,
11-2024,RUTA M 105," 1,059.27 "," 1,543,425.58 ", 304.00 , 112.00 , 31.00 , 294.00 , 1.44 , 3.60 , 207.00 , 279.00 ,215,,
11-2024,RUTA M 106, 790.03 ," 1,246,919.94 ", 268.00 , 125.00 , 28.00 , 267.00 , 1.30 , 2.96 , 198.00 , 282.00 ,215,,
11-2024,RUTA M 107, 998.63 ," 1,578,968.04 ", 263.00 , 132.00 , 42.00 , 252.00 , 1.69 , 3.96 , 203.00 , 238.00 ,215,,
11-2024,RUTA M 108, 583.05 ," 918,912.64 ", 253.00 , 127.00 , 35.00 , 238.00 , 1.39 , 2.45 , 169.00 , 276.00 ,215,,
11-2024,RUTA M 109," 1,265.34 "," 1,820,500.07 ", 315.00 , 165.00 , 44.00 , 338.00 , 1.62 , 3.74 , 202.00 , 269.00 ,291,,
11-2024,RUTA M 110," 1,759.04 "," 2,190,803.30 ", 247.00 , 147.00 , 44.00 , 213.00 , 1.58 , 8.26 , 142.00 , 276.00 ,291,,
11-2024,RUTA M 111, 751.33 ," 1,185,235.42 ", 359.00 , 192.00 , 33.00 , 357.00 , 1.32 , 2.10 , 238.00 , 313.00 ,215,,
11-2024,RUTA M 112, 654.74 ," 1,052,953.80 ", 214.00 , 132.00 , 34.00 , 215.00 , 1.47 , 3.05 , 143.00 , 253.00 ,215,,
11-2024,RUTA M 113," 2,676.34 "," 6,233,715.15 ", 364.00 , 265.00 , 64.00 , 385.00 , 1.74 , 6.95 , 216.00 , 231.00 ,215,,
11-2024,RUTA M 114, 942.54 ," 1,545,167.30 ", 310.00 , 87.00 , 51.00 , 232.00 , 1.67 , 4.06 , 160.00 , 286.00 ,291,,
11-2024,RUTA M 115, 895.83 ," 1,568,768.65 ", 318.00 , 158.00 , 69.00 , 309.00 , 1.81 , 2.90 , 204.00 , 386.00 ,291,,
11-2024,RUTA M 116, 499.46 ," 841,141.90 ", 248.00 , 96.00 , 33.00 , 244.00 , 1.53 , 2.05 , 161.00 , 238.00 ,215,,
11-2024,RUTA M 117, 569.58 ," 1,075,835.39 ", 118.00 , 54.00 , 35.00 , 119.00 , 1.97 , 4.79 , 87.00 , 115.00 ,215,,
11-2024,RUTA N 01," 10,526.87 "," 19,580,520.01 ", 194.00 , 430.00 , 101.00 , 182.00 , 4.27 , 57.84 , 99.00 , 129.00 ,215,,
11-2024,RUTA N 02," 2,725.23 "," 6,814,078.09 ", 257.00 , 302.00 , 113.00 , 210.00 , 4.29 , 12.98 , 114.00 , 172.00 ,291,,
11-2024,RUTA N 03," 4,448.83 "," 10,254,607.11 ", 152.00 , 290.00 , 76.00 , 146.00 , 4.19 , 30.47 , 95.00 , 139.00 ,215,,
11-2024,RUTA N 04," 8,437.71 "," 20,388,755.03 ", 208.00 , 470.00 , 105.00 , 166.00 , 4.36 , 50.83 , 77.00 , 96.00 ,291,,
11-2024,RUTA N 05," 3,053.83 "," 5,526,076.12 ", 303.00 , 194.00 , 69.00 , 242.00 , 3.20 , 12.62 , 113.00 , 133.00 ,291,,
11-2024,RUTA N 06," 3,601.75 "," 6,550,410.26 ", 176.00 , 190.00 , 69.00 , 161.00 , 3.24 , 22.37 , 96.00 , 146.00 ,291,,
11-2024,RUTA N 07," 1,958.13 "," 3,381,320.33 ", 329.00 , 269.00 , 56.00 , 319.00 , 1.73 , 6.14 , 221.00 , 295.00 ,215,,
11-2024,RUTA N 08, 867.55 ," 1,465,212.18 ", 544.00 , 243.00 , 75.00 , 517.00 , 1.25 , 1.68 , 317.00 , 337.00 ,215,,
11-2024,RUTA N 09," 1,167.25 "," 1,945,268.77 ", 373.00 , 237.00 , 30.00 , 367.00 , 1.31 , 3.18 , 313.00 , 359.00 ,215,,
11-2024,RUTA N 10, 853.88 ," 1,501,576.02 ", 127.00 , 141.00 , 30.00 , 124.00 , 1.59 , 6.89 , 89.00 , 311.00 ,215,,
11-2024,RUTA N 11," 1,158.33 "," 2,111,571.08 ", 277.00 , 192.00 , 45.00 , 274.00 , 1.36 , 4.23 , 216.00 , 329.00 ,215,,
11-2024,RUTA N 12," 2,062.04 "," 3,554,931.40 ", 434.00 , 344.00 , 48.00 , 389.00 , 1.46 , 5.30 , 259.00 , 339.00 ,215,,
11-2024,RUTA N 13," 2,005.50 "," 4,895,167.12 ", 197.00 , 69.00 , 58.00 , 181.00 , 2.99 , 11.08 , 86.00 , 139.00 ,291,,
11-2024,RUTA N 14," 1,819.93 "," 3,714,575.63 ", 180.00 , 144.00 , 75.00 , 163.00 , 2.84 , 11.17 , 95.00 , 140.00 ,291,,
11-2024,RUTA N 15," 1,315.07 "," 2,991,739.97 ", 147.00 , 65.00 , 55.00 , 133.00 , 3.34 , 9.89 , 91.00 , 167.00 ,291,,
11-2024,RUTA N 16," 1,437.41 "," 2,836,374.22 ", 126.00 , 27.00 , 53.00 , 107.00 , 2.68 , 13.43 , 57.00 , 112.00 ,291,,
12-2024,RUTA 01," 5,804.37 "," 12,028,405.87 ", 219.00 , 303.00 , 95.00 , 192.00 , 6.24 , 30.23 , 100.00 , 108.00 ,215,,
12-2024,RUTA 02," 5,000.87 "," 10,280,630.55 ", 166.00 , 316.00 , 75.00 , 137.00 , 4.68 , 36.50 , 96.00 , 141.00 ,291,,
12-2024,RUTA 03," 29,961.34 "," 119,287,888.05 ", 232.00 ," 1,216.00 ", 107.00 , 194.00 , 5.23 , 154.44 , 63.00 , 69.00 ,291,,
12-2024,RUTA 04," 35,741.17 "," 59,155,874.20 ", 101.00 , 494.00 , 63.00 , 101.00 , 4.68 , 353.87 , 17.00 , 23.00 ,291,,
12-2024,RUTA 06, 725.95 ," 3,259,399.34 ", 179.00 , 31.00 , 45.00 , 147.00 , 2.24 , 4.94 , 67.00 , 99.00 ,291,,
12-2024,RUTA 07," 9,383.72 "," 24,287,374.66 ", 197.00 , 669.00 , 102.00 , 183.00 , 6.08 , 51.28 , 81.00 , 100.00 ,291,,
12-2024,RUTA 08, 284.33 ," 823,894.36 ", 78.00 , 75.00 , 49.00 , 65.00 , 2.78 , 4.37 , 29.00 , 63.00 ,291,,
12-2024,RUTA 09," 21,919.00 "," 48,225,683.71 ", 296.00 , 124.00 , 56.00 , 290.00 , 2.24 , 75.58 , 55.00 , 82.00 ,215,,
12-2024,RUTA 10," 7,095.12 "," 15,199,809.74 ", 204.00 , 581.00 , 78.00 , 170.00 , 5.19 , 41.74 , 79.00 , 92.00 ,215,,
12-2024,RUTA 11," 5,108.79 "," 9,472,677.24 ", 193.00 , 335.00 , 86.00 , 175.00 , 4.54 , 29.19 , 100.00 , 136.00 ,215,,
12-2024,RUTA 12, 645.50 ," 3,194,303.76 ", 139.00 , 24.00 , 52.00 , 109.00 , 2.14 , 5.92 , 54.00 , 93.00 ,291,,
12-2024,RUTA 13," 3,577.01 "," 6,190,920.82 ", 219.00 , 323.00 , 86.00 , 207.00 , 2.94 , 17.28 , 82.00 , 90.00 ,215,,
12-2024,RUTA 14," 3,533.85 "," 6,404,763.70 ", 147.00 , 252.00 , 73.00 , 136.00 , 3.57 , 25.98 , 72.00 , 123.00 ,291,,
12-2024,RUTA 17, 315.08 ," 822,501.30 ", 71.00 , 6.00 , 46.00 , 66.00 , 2.61 , 4.77 , 34.00 , 94.00 ,291,,
12-2024,RUTA 18, 783.08 ," 4,098,430.85 ", 188.00 , 51.00 , 60.00 , 152.00 , 2.41 , 5.15 , 64.00 , 96.00 ,291,,
12-2024,RUTA M 100," 1,554.12 "," 2,805,510.57 ", 185.00 , 189.00 , 53.00 , 181.00 , 2.02 , 8.59 , 112.00 , 214.00 ,215,,
12-2024,RUTA M 101," 1,048.93 "," 1,897,045.50 ", 336.00 , 212.00 , 37.00 , 340.00 , 1.56 , 3.09 , 231.00 , 317.00 ,215,,
12-2024,RUTA M 102," 1,478.19 "," 2,545,066.93 ", 483.00 , 180.00 , 34.00 , 483.00 , 1.59 , 3.06 , 250.00 , 343.00 ,215,,
12-2024,RUTA M 103, 805.88 ," 1,324,623.46 ", 335.00 , 173.00 , 39.00 , 329.00 , 1.39 , 2.45 , 191.00 , 275.00 ,215,,
12-2024,RUTA M 104," 1,140.21 "," 1,916,189.76 ", 340.00 , 203.00 , 39.00 , 343.00 , 1.58 , 3.32 , 229.00 , 281.00 ,215,,
12-2024,RUTA M 105," 1,288.64 "," 2,183,756.79 ", 322.00 , 142.00 , 48.00 , 318.00 , 1.63 , 4.05 , 210.00 , 279.00 ,215,,
12-2024,RUTA M 106, 908.68 ," 1,408,664.28 ", 271.00 , 156.00 , 23.00 , 268.00 , 1.45 , 3.39 , 217.00 , 282.00 ,215,,
12-2024,RUTA M 107," 1,155.20 "," 1,861,154.24 ", 271.00 , 159.00 , 42.00 , 273.00 , 1.62 , 4.23 , 200.00 , 238.00 ,215,,
12-2024,RUTA M 108," 1,000.11 "," 1,903,470.82 ", 298.00 , 171.00 , 50.00 , 294.00 , 1.56 , 3.40 , 203.00 , 276.00 ,215,,
12-2024,RUTA M 109," 1,605.07 "," 2,640,199.54 ", 351.00 , 211.00 , 52.00 , 350.00 , 1.87 , 4.59 , 219.00 , 269.00 ,291,,
12-2024,RUTA M 110," 3,102.93 "," 4,553,728.13 ", 251.00 , 221.00 , 49.00 , 246.00 , 1.87 , 12.61 , 153.00 , 276.00 ,291,,
12-2024,RUTA M 111, 980.11 ," 1,749,441.07 ", 400.00 , 214.00 , 42.00 , 395.00 , 1.42 , 2.48 , 247.00 , 313.00 ,215,,
12-2024,RUTA M 112, 845.64 ," 1,268,398.44 ", 234.00 , 161.00 , 25.00 , 233.00 , 1.47 , 3.63 , 166.00 , 253.00 ,215,,
12-2024,RUTA M 113," 3,044.11 "," 10,130,710.00 ", 365.00 , 300.00 , 86.00 , 351.00 , 1.95 , 8.67 , 209.00 , 231.00 ,215,,
12-2024,RUTA M 114," 1,542.29 "," 2,436,410.91 ", 316.00 , 92.00 , 46.00 , 318.00 , 2.07 , 4.85 , 180.00 , 286.00 ,291,,
12-2024,RUTA M 115, 988.97 ," 1,829,012.88 ", 364.00 , 165.00 , 76.00 , 321.00 , 1.87 , 3.08 , 217.00 , 386.00 ,291,,
12-2024,RUTA M 116, 741.96 ," 1,234,103.75 ", 280.00 , 108.00 , 27.00 , 279.00 , 1.60 , 2.66 , 180.00 , 238.00 ,215,,
12-2024,RUTA M 117," 1,096.95 "," 1,947,999.12 ", 140.00 , 78.00 , 38.00 , 130.00 , 1.87 , 8.44 , 91.00 , 115.00 ,215,,
12-2024,RUTA N 01," 12,405.42 "," 40,341,415.88 ", 259.00 , 676.00 , 113.00 , 224.00 , 4.27 , 55.38 , 97.00 , 129.00 ,215,,
12-2024,RUTA N 02," 4,336.51 "," 10,138,210.88 ", 323.00 , 470.00 , 121.00 , 271.00 , 3.96 , 16.00 , 121.00 , 172.00 ,291,,
12-2024,RUTA N 03," 9,029.12 "," 21,963,695.03 ", 206.00 , 471.00 , 87.00 , 185.00 , 4.36 , 48.81 , 102.00 , 139.00 ,215,,
12-2024,RUTA N 04," 12,937.94 "," 36,116,309.54 ", 248.00 , 734.00 , 116.00 , 197.00 , 4.49 , 65.67 , 76.00 , 96.00 ,291,,
12-2024,RUTA N 05," 3,718.42 "," 6,823,878.23 ", 291.00 , 236.00 , 66.00 , 224.00 , 3.74 , 16.60 , 111.00 , 133.00 ,291,,
12-2024,RUTA N 06," 6,700.18 "," 12,492,936.73 ", 230.00 , 301.00 , 86.00 , 197.00 , 3.84 , 34.01 , 103.00 , 146.00 ,291,,
12-2024,RUTA N 07," 1,729.08 "," 3,129,910.55 ", 322.00 , 284.00 , 51.00 , 317.00 , 1.64 , 5.45 , 218.00 , 295.00 ,215,,
12-2024,RUTA N 08," 1,142.38 "," 2,036,894.43 ", 658.00 , 302.00 , 73.00 , 615.00 , 1.22 , 1.86 , 323.00 , 337.00 ,215,,
12-2024,RUTA N 09," 1,502.75 "," 2,447,215.23 ", 398.00 , 304.00 , 31.00 , 390.00 , 1.43 , 3.85 , 287.00 , 359.00 ,215,,
12-2024,RUTA N 10," 1,738.49 "," 2,980,055.16 ", 377.00 , 300.00 , 51.00 , 360.00 , 1.51 , 4.83 , 281.00 , 311.00 ,215,,
12-2024,RUTA N 11," 1,657.96 "," 3,037,693.94 ", 313.00 , 232.00 , 38.00 , 308.00 , 1.35 , 5.38 , 209.00 , 329.00 ,215,,
12-2024,RUTA N 12," 2,722.67 "," 4,520,878.28 ", 538.00 , 526.00 , 48.00 , 478.00 , 1.69 , 5.70 , 283.00 , 339.00 ,215,,
12-2024,RUTA N 13," 2,284.84 "," 9,458,271.27 ", 250.00 , 134.00 , 70.00 , 201.00 , 3.01 , 11.37 , 86.00 , 139.00 ,291,,
12-2024,RUTA N 14," 2,585.70 "," 4,922,800.41 ", 201.00 , 180.00 , 83.00 , 174.00 , 2.85 , 14.86 , 99.00 , 140.00 ,291,,
12-2024,RUTA N 15," 1,277.57 "," 3,135,574.52 ", 156.00 , 73.00 , 64.00 , 141.00 , 3.22 , 9.06 , 89.00 , 167.00 ,291,,
12-2024,RUTA N 16," 1,873.47 "," 3,528,012.72 ", 149.00 , 56.00 , 61.00 , 137.00 , 2.84 , 13.67 , 62.00 , 112.00 ,291,,
01-2025,RUTA 01," 3,712.40 "," 7,667,156.86 ", 182.00 , 200.00 , 95.00 , 182.00 , 5.10 , 20.40 , 90.00 , 108.00 ,215,,
01-2025,RUTA 02," 3,290.17 "," 7,155,389.47 ", 108.00 , 277.00 , 64.00 , 121.00 , 4.31 , 27.19 , 86.00 , 141.00 ,291,,
01-2025,RUTA 03," 17,533.38 "," 38,391,363.42 ", 167.00 ," 1,073.00 ", 99.00 , 131.00 , 6.78 , 133.84 , 66.00 , 69.00 ,291,,
01-2025,RUTA 04," 14,650.50 "," 20,817,533.42 ", 78.00 , 363.00 , 62.00 , 70.00 , 4.87 , 209.29 , 18.00 , 23.00 ,291,,
01-2025,RUTA 06, 550.08 ," 1,403,599.07 ", 136.00 , 29.00 , 41.00 , 111.00 , 2.25 , 4.96 , 56.00 , 99.00 ,291,,
01-2025,RUTA 07," 4,634.13 "," 8,991,058.97 ", 164.00 , 419.00 , 97.00 , 153.00 , 5.86 , 30.29 , 78.00 , 100.00 ,291,,
01-2025,RUTA 08, 384.00 ," 978,753.63 ", 60.00 , 67.00 , 52.00 , 51.00 , 2.98 , 7.53 , 23.00 , 63.00 ,291,,
01-2025,RUTA 09," 20,594.33 "," 39,074,155.31 ", 297.00 , 99.00 , 56.00 , 269.00 , 2.22 , 76.56 , 54.00 , 82.00 ,215,,
01-2025,RUTA 10," 6,253.02 "," 11,017,740.24 ", 156.00 , 405.00 , 82.00 , 152.00 , 4.53 , 41.14 , 76.00 , 92.00 ,215,,
01-2025,RUTA 11," 4,284.58 "," 7,730,363.42 ", 154.00 , 287.00 , 73.00 , 154.00 , 4.31 , 27.82 , 97.00 , 136.00 ,215,,
01-2025,RUTA 12, 390.92 ," 958,186.29 ", 103.00 , 34.00 , 41.00 , 90.00 , 1.91 , 4.34 , 42.00 , 93.00 ,291,,
01-2025,RUTA 13," 2,735.50 "," 4,588,224.82 ", 167.00 , 198.00 , 58.00 , 161.00 , 2.54 , 16.99 , 78.00 , 90.00 ,215,,
01-2025,RUTA 14," 2,333.12 "," 3,836,757.91 ", 141.00 , 193.00 , 60.00 , 132.00 , 3.48 , 17.68 , 75.00 , 123.00 ,291,,
01-2025,RUTA 17, 294.50 ," 947,129.78 ", 100.00 , 13.00 , 42.00 , 88.00 , 2.24 , 3.35 , 43.00 , 94.00 ,291,,
01-2025,RUTA 18, 661.75 ," 2,155,664.67 ", 150.00 , 45.00 , 54.00 , 136.00 , 2.02 , 4.87 , 58.00 , 96.00 ,291,,
01-2025,RUTA M 100," 1,303.18 "," 2,160,971.73 ", 174.00 , 149.00 , 43.00 , 172.00 , 1.72 , 7.58 , 109.00 , 214.00 ,215,,
01-2025,RUTA M 101, 866.46 ," 1,479,900.94 ", 263.00 , 157.00 , 39.00 , 251.00 , 1.43 , 3.45 , 186.00 , 317.00 ,215,,
01-2025,RUTA M 102," 1,228.69 "," 2,177,933.05 ", 447.00 , 140.00 , 31.00 , 455.00 , 1.44 , 2.70 , 265.00 , 343.00 ,215,,
01-2025,RUTA M 103, 672.49 ," 1,304,861.71 ", 289.00 , 116.00 , 41.00 , 280.00 , 1.33 , 2.40 , 184.00 , 275.00 ,215,,
01-2025,RUTA M 104, 958.81 ," 1,604,092.15 ", 274.00 , 127.00 , 42.00 , 266.00 , 1.50 , 3.60 , 174.00 , 281.00 ,215,,
01-2025,RUTA M 105," 1,035.27 "," 1,552,701.38 ", 255.00 , 113.00 , 31.00 , 257.00 , 1.47 , 4.03 , 186.00 , 279.00 ,215,,
01-2025,RUTA M 106, 686.04 ," 986,047.20 ", 231.00 , 91.00 , 26.00 , 224.00 , 1.25 , 3.06 , 183.00 , 282.00 ,215,,
01-2025,RUTA M 107, 894.96 ," 1,503,398.93 ", 249.00 , 125.00 , 41.00 , 243.00 , 1.58 , 3.68 , 192.00 , 238.00 ,215,,
01-2025,RUTA M 108, 582.03 ," 957,699.41 ", 263.00 , 99.00 , 39.00 , 243.00 , 1.32 , 2.40 , 172.00 , 276.00 ,215,,
01-2025,RUTA M 109, 969.64 ," 1,638,474.56 ", 333.00 , 169.00 , 57.00 , 324.00 , 1.85 , 2.99 , 197.00 , 269.00 ,291,,
01-2025,RUTA M 110," 1,691.88 "," 2,361,892.48 ", 288.00 , 148.00 , 48.00 , 252.00 , 1.57 , 6.71 , 170.00 , 276.00 ,291,,
01-2025,RUTA M 111, 755.38 ," 1,245,811.59 ", 373.00 , 140.00 , 39.00 , 369.00 , 1.27 , 2.05 , 232.00 , 313.00 ,215,,
01-2025,RUTA M 112, 744.18 ," 1,129,559.98 ", 235.00 , 113.00 , 33.00 , 229.00 , 1.34 , 3.25 , 157.00 , 253.00 ,215,,
01-2025,RUTA M 113," 2,349.30 "," 4,213,092.66 ", 342.00 , 235.00 , 68.00 , 326.00 , 1.88 , 7.21 , 205.00 , 231.00 ,215,,
01-2025,RUTA M 114, 863.84 ," 1,566,256.76 ", 295.00 , 69.00 , 43.00 , 269.00 , 1.79 , 3.21 , 187.00 , 286.00 ,291,,
01-2025,RUTA M 115, 893.10 ," 1,624,565.59 ", 327.00 , 176.00 , 64.00 , 340.00 , 1.73 , 2.63 , 216.00 , 386.00 ,291,,
01-2025,RUTA M 116, 504.04 ," 888,277.57 ", 251.00 , 96.00 , 36.00 , 254.00 , 1.43 , 1.98 , 149.00 , 238.00 ,215,,
01-2025,RUTA M 117," 1,200.43 "," 1,748,823.65 ", 141.00 , 77.00 , 53.00 , 148.00 , 1.93 , 8.11 , 103.00 , 115.00 ,215,,
01-2025,RUTA N 01," 15,878.09 "," 27,559,156.69 ", 263.00 , 480.00 , 102.00 , 201.00 , 4.07 , 79.00 , 102.00 , 129.00 ,215,,
01-2025,RUTA N 02," 3,384.07 "," 6,753,381.89 ", 309.00 , 331.00 , 118.00 , 234.00 , 3.98 , 14.46 , 116.00 , 172.00 ,291,,
01-2025,RUTA N 03," 7,120.50 "," 12,285,043.47 ", 172.00 , 311.00 , 74.00 , 148.00 , 3.89 , 48.11 , 88.00 , 139.00 ,215,,
01-2025,RUTA N 04," 9,281.21 "," 17,853,051.10 ", 227.00 , 483.00 , 95.00 , 165.00 , 3.88 , 56.25 , 76.00 , 96.00 ,291,,
01-2025,RUTA N 05," 3,408.46 "," 5,287,235.88 ", 344.00 , 163.00 , 68.00 , 260.00 , 2.68 , 13.11 , 117.00 , 133.00 ,291,,
01-2025,RUTA N 06," 3,400.48 "," 6,023,226.85 ", 212.00 , 203.00 , 71.00 , 182.00 , 3.12 , 18.68 , 108.00 , 146.00 ,291,,
01-2025,RUTA N 07," 1,115.58 "," 2,106,183.13 ", 282.00 , 180.00 , 45.00 , 278.00 , 1.54 , 4.01 , 208.00 , 295.00 ,215,,
01-2025,RUTA N 08, 538.08 ," 898,429.26 ", 324.00 , 128.00 , 56.00 , 289.00 , 1.24 , 1.86 , 251.00 , 337.00 ,215,,
01-2025,RUTA N 09," 1,217.88 "," 2,104,113.47 ", 356.00 , 227.00 , 30.00 , 337.00 , 1.31 , 3.61 , 274.00 , 359.00 ,215,,
01-2025,RUTA N 10," 1,025.34 "," 1,706,288.21 ", 298.00 , 178.00 , 51.00 , 280.00 , 1.34 , 3.66 , 237.00 , 311.00 ,215,,
01-2025,RUTA N 11," 1,105.58 "," 1,944,515.30 ", 275.00 , 170.00 , 43.00 , 258.00 , 1.28 , 4.29 , 207.00 , 329.00 ,215,,
01-2025,RUTA N 12," 1,685.00 "," 2,847,159.46 ", 414.00 , 298.00 , 49.00 , 372.00 , 1.48 , 4.53 , 233.00 , 339.00 ,215,,
01-2025,RUTA N 13," 1,473.08 "," 3,917,873.42 ", 210.00 , 55.00 , 55.00 , 171.00 , 2.57 , 8.61 , 76.00 , 139.00 ,291,,
01-2025,RUTA N 14," 2,240.49 "," 4,217,232.98 ", 186.00 , 167.00 , 91.00 , 150.00 , 3.48 , 14.94 , 93.00 , 140.00 ,291,,
01-2025,RUTA N 15," 1,247.73 "," 2,976,560.18 ", 179.00 , 53.00 , 60.00 , 158.00 , 2.57 , 7.90 , 91.00 , 167.00 ,291,,
01-2025,RUTA N 16," 1,654.28 "," 2,992,159.68 ", 146.00 , 46.00 , 58.00 , 131.00 , 2.53 , 12.63 , 59.00 , 112.00 ,291,,
02-2025,RUTA 01," 3,196.91 "," 7,487,091.14 ", 182.00 , 225.00 , 95.00 , 147.00 , 7.06 , 21.75 , 95.00 , 108.00 ,215,,
02-2025,RUTA 02," 2,219.69 "," 3,839,122.71 ", 125.00 , 195.00 , 72.00 , 118.00 , 3.92 , 18.81 , 76.00 , 141.00 ,291,,
02-2025,RUTA 03," 6,871.51 "," 19,817,299.88 ", 162.00 , 780.00 , 94.00 , 120.00 , 5.83 , 57.26 , 64.00 , 69.00 ,291,,
02-2025,RUTA 04," 10,185.00 "," 15,359,006.47 ", 83.00 , 403.00 , 63.00 , 78.00 , 5.10 , 130.58 , 14.00 , 23.00 ,291,,
02-2025,RUTA 06, 626.95 ," 2,144,959.73 ", 141.00 , 45.00 , 45.00 , 118.00 , 2.37 , 5.31 , 63.00 , 99.00 ,291,,
02-2025,RUTA 07," 4,761.16 "," 9,062,392.98 ", 173.00 , 448.00 , 89.00 , 152.00 , 6.30 , 31.32 , 81.00 , 100.00 ,291,,
02-2025,RUTA 08, 490.25 ," 1,391,280.27 ", 61.00 , 69.00 , 49.00 , 51.00 , 2.98 , 9.61 , 23.00 , 63.00 ,291,,
02-2025,RUTA 09," 22,651.96 "," 40,760,796.84 ", 247.00 , 120.00 , 54.00 , 272.00 , 2.22 , 83.28 , 55.00 , 82.00 ,215,,
02-2025,RUTA 10," 3,425.96 "," 6,966,745.36 ", 168.00 , 398.00 , 83.00 , 140.00 , 5.52 , 24.47 , 79.00 , 92.00 ,215,,
02-2025,RUTA 11," 3,151.02 "," 5,872,870.33 ", 171.00 , 269.00 , 56.00 , 150.00 , 5.03 , 21.01 , 101.00 , 136.00 ,215,,
02-2025,RUTA 12, 540.48 ," 1,728,447.25 ", 98.00 , 37.00 , 43.00 , 75.00 , 2.73 , 7.21 , 48.00 , 93.00 ,291,,
02-2025,RUTA 13," 2,247.30 "," 4,185,557.50 ", 173.00 , 214.00 , 69.00 , 152.00 , 3.01 , 14.78 , 76.00 , 90.00 ,215,,
02-2025,RUTA 14," 2,293.90 "," 4,142,816.95 ", 141.00 , 214.00 , 80.00 , 136.00 , 3.46 , 16.87 , 74.00 , 123.00 ,291,,
02-2025,RUTA 17, 261.92 ," 709,617.92 ", 111.00 , 16.00 , 45.00 , 93.00 , 2.34 , 2.82 , 46.00 , 94.00 ,291,,
02-2025,RUTA 18, 711.58 ," 2,102,524.23 ", 138.00 , 49.00 , 37.00 , 124.00 , 2.48 , 5.74 , 56.00 , 96.00 ,291,,
02-2025,RUTA M 100," 1,089.48 "," 1,823,856.04 ", 177.00 , 171.00 , 52.00 , 172.00 , 2.26 , 6.33 , 126.00 , 214.00 ,215,,
02-2025,RUTA M 101, 675.83 ," 1,164,358.92 ", 268.00 , 107.00 , 37.00 , 270.00 , 1.49 , 2.50 , 200.00 , 317.00 ,215,,
02-2025,RUTA M 102," 1,235.80 "," 2,138,093.37 ", 375.00 , 119.00 , 35.00 , 373.00 , 1.71 , 3.31 , 244.00 , 343.00 ,215,,
02-2025,RUTA M 103, 600.35 ," 911,170.64 ", 250.00 , 102.00 , 32.00 , 246.00 , 1.32 , 2.44 , 169.00 , 275.00 ,215,,
02-2025,RUTA M 104," 1,159.65 "," 1,872,063.96 ", 216.00 , 72.00 , 37.00 , 198.00 , 1.60 , 5.86 , 155.00 , 281.00 ,215,,
02-2025,RUTA M 105, 618.81 ," 1,126,545.75 ", 300.00 , 77.00 , 36.00 , 298.00 , 1.56 , 2.08 , 220.00 , 279.00 ,215,,
02-2025,RUTA M 106, 447.71 ," 768,802.23 ", 189.00 , 71.00 , 26.00 , 189.00 , 1.60 , 2.37 , 178.00 , 282.00 ,215,,
02-2025,RUTA M 107," 1,117.68 "," 1,751,698.76 ", 230.00 , 153.00 , 38.00 , 228.00 , 1.93 , 4.90 , 160.00 , 238.00 ,215,,
02-2025,RUTA M 108, 505.15 ," 886,764.57 ", 219.00 , 85.00 , 32.00 , 225.00 , 1.49 , 2.25 , 159.00 , 276.00 ,215,,
02-2025,RUTA M 109, 729.83 ," 1,158,222.24 ", 322.00 , 157.00 , 56.00 , 274.00 , 1.63 , 2.66 , 167.00 , 269.00 ,291,,
02-2025,RUTA M 110," 1,331.12 "," 1,995,286.08 ", 256.00 , 181.00 , 50.00 , 246.00 , 1.68 , 5.41 , 172.00 , 276.00 ,291,,
02-2025,RUTA M 111, 785.24 ," 1,304,327.89 ", 355.00 , 124.00 , 41.00 , 347.00 , 1.55 , 2.26 , 229.00 , 313.00 ,215,,
02-2025,RUTA M 112, 441.48 ," 782,024.44 ", 204.00 , 64.00 , 28.00 , 203.00 , 1.40 , 2.17 , 150.00 , 253.00 ,215,,
02-2025,RUTA M 113," 1,301.94 "," 2,688,063.73 ", 326.00 , 138.00 , 51.00 , 316.00 , 1.95 , 4.12 , 200.00 , 231.00 ,215,,
02-2025,RUTA M 114, 966.50 ," 1,708,247.97 ", 291.00 , 104.00 , 52.00 , 279.00 , 1.79 , 3.46 , 177.00 , 286.00 ,291,,
02-2025,RUTA M 115, 784.79 ," 1,273,588.43 ", 313.00 , 160.00 , 62.00 , 279.00 , 1.74 , 2.81 , 186.00 , 386.00 ,291,,
02-2025,RUTA M 116, 479.38 ," 902,883.48 ", 266.00 , 80.00 , 31.00 , 263.00 , 1.56 , 1.82 , 181.00 , 238.00 ,215,,
02-2025,RUTA M 117, 832.21 ," 1,419,714.85 ", 131.00 , 70.00 , 34.00 , 122.00 , 1.66 , 6.82 , 84.00 , 115.00 ,215,,
02-2025,RUTA N 01," 3,169.54 "," 7,934,280.10 ", 178.00 , 372.00 , 87.00 , 153.00 , 4.52 , 20.72 , 91.00 , 129.00 ,215,,
02-2025,RUTA N 02," 3,541.15 "," 7,517,125.07 ", 245.00 , 415.00 , 123.00 , 214.00 , 4.92 , 16.55 , 110.00 , 172.00 ,291,,
02-2025,RUTA N 03," 2,957.68 "," 6,595,829.35 ", 159.00 , 241.00 , 60.00 , 144.00 , 3.83 , 20.54 , 87.00 , 139.00 ,215,,
02-2025,RUTA N 04," 10,091.20 "," 17,834,240.25 ", 201.00 , 455.00 , 111.00 , 156.00 , 4.55 , 64.69 , 72.00 , 96.00 ,291,,
02-2025,RUTA N 05," 2,632.06 "," 4,945,311.89 ", 194.00 , 182.00 , 53.00 , 174.00 , 3.99 , 15.13 , 92.00 , 133.00 ,291,,
02-2025,RUTA N 06," 3,144.83 "," 6,021,807.75 ", 191.00 , 192.00 , 88.00 , 167.00 , 3.47 , 18.83 , 95.00 , 146.00 ,291,,
02-2025,RUTA N 07," 1,233.81 "," 2,220,841.35 ", 286.00 , 145.00 , 42.00 , 275.00 , 1.64 , 4.49 , 224.00 , 295.00 ,215,,
02-2025,RUTA N 08, 753.85 ," 1,408,883.27 ", 291.00 , 114.00 , 61.00 , 294.00 , 1.63 , 2.56 , 207.00 , 337.00 ,215,,
02-2025,RUTA N 09, 911.41 ," 1,640,711.61 ", 350.00 , 160.00 , 39.00 , 354.00 , 1.38 , 2.57 , 286.00 , 359.00 ,215,,
02-2025,RUTA N 10, 897.54 ," 1,800,059.25 ", 332.00 , 159.00 , 52.00 , 323.00 , 1.33 , 2.78 , 280.00 , 311.00 ,215,,
02-2025,RUTA N 11, 899.75 ," 1,537,451.96 ", 239.00 , 127.00 , 28.00 , 235.00 , 1.22 , 3.83 , 201.00 , 329.00 ,215,,
02-2025,RUTA N 12," 1,629.58 "," 2,750,947.42 ", 481.00 , 251.00 , 50.00 , 432.00 , 1.35 , 3.77 , 283.00 , 339.00 ,215,,
02-2025,RUTA N 13," 1,705.40 "," 4,770,469.25 ", 198.00 , 91.00 , 71.00 , 178.00 , 3.45 , 9.58 , 88.00 , 139.00 ,291,,
02-2025,RUTA N 14," 2,438.39 "," 5,292,250.12 ", 170.00 , 205.00 , 83.00 , 173.00 , 3.44 , 14.09 , 102.00 , 140.00 ,291,,
02-2025,RUTA N 15," 1,108.87 "," 2,733,074.43 ", 152.00 , 54.00 , 56.00 , 124.00 , 3.37 , 8.94 , 81.00 , 167.00 ,291,,
02-2025,RUTA N 16," 1,462.89 "," 2,813,809.14 ", 118.00 , 56.00 , 58.00 , 105.00 , 3.50 , 13.93 , 56.00 , 112.00 ,291,,
Total,," 1,272,188.23 "," 2,629,907,896.40 "," 93,956.00 "," 80,595.00 ", 220.00 ," 87,233.00 ", 2.35 , 14.58 ," 9,376.00 "," 9,625.00 ",,,
